City_ID,City,Country,Lat,Lng,Max Temp,Humidity,Cloudiness,Wind Speed,Current Description
0,Mataura,NZ,-46.1927,168.8643,56.48,71,100,3.27,overcast clouds
1,Vardo,NO,70.3705,31.1107,46.38,93,100,14.97,overcast clouds
2,Kavieng,PG,-2.5744,150.7967,83.82,72,76,10.8,light rain
3,Fereydun Kenar,IR,36.6864,52.5225,71.47,76,65,1.66,broken clouds
4,Bayanday,RU,53.0661,105.5139,26.73,76,10,1.57,clear sky
5,Ponta Do Sol,PT,32.6667,-17.1,71.71,74,48,3.91,scattered clouds
6,Tuatapere,NZ,-46.1333,167.6833,58.57,68,50,5.41,scattered clouds
7,Saint-Philippe,RE,-21.3585,55.7679,65.79,78,53,9.19,broken clouds
8,Mar Del Plata,AR,-38.0023,-57.5575,55.94,82,0,14.0,clear sky
9,Dikson,RU,73.5069,80.5464,32.49,81,35,12.28,scattered clouds
10,Mogadishu,SO,2.0371,45.3438,76.91,83,51,9.78,broken clouds
11,Norman Wells,CA,65.282,-126.8329,26.64,63,100,14.97,overcast clouds
12,Tasiilaq,GL,65.6145,-37.6368,28.56,62,0,8.81,clear sky
13,Jamestown,US,42.097,-79.2353,44.71,73,0,4.61,clear sky
14,Thinadhoo,MV,0.5333,72.9333,81.55,71,91,16.53,overcast clouds
15,Tahe,CN,52.3333,124.7333,35.71,74,60,8.63,broken clouds
16,Ushuaia,AR,-54.8,-68.3,44.26,49,0,12.66,clear sky
17,Puerto El Triunfo,SV,13.2833,-88.55,79.66,84,100,1.99,overcast clouds
18,Bluff,NZ,-46.6,168.3333,56.8,72,63,10.02,broken clouds
19,Ribeira Grande,PT,38.5167,-28.7,63.77,81,96,8.99,light rain
20,Busselton,AU,-33.65,115.3333,54.73,75,65,6.85,broken clouds
21,San Ramon De La Nueva Oran,AR,-23.1322,-64.326,71.42,51,100,2.01,overcast clouds
22,Tiksi,RU,71.6872,128.8694,22.1,82,100,21.18,overcast clouds
23,Punta Arenas,CL,-53.15,-70.9167,46.51,53,0,17.27,clear sky
24,Bentiu,SS,9.2333,29.8333,72.9,81,97,2.3,overcast clouds
25,Sangmelima,CM,2.9333,11.9833,67.42,100,100,0.98,heavy intensity rain
26,Rikitea,PF,-23.1203,-134.9692,73.92,83,82,18.9,light rain
27,Cascais,PT,38.6979,-9.4215,67.51,85,76,5.01,broken clouds
28,Souillac,MU,-20.5167,57.5167,70.18,78,75,6.91,broken clouds
29,Puerto Ayora,EC,-0.7393,-90.3518,67.55,91,78,8.99,broken clouds
30,Hovd,MN,48.0056,91.6419,28.54,59,7,0.65,clear sky
31,Adrar,MR,20.5022,-10.0711,86.77,22,50,6.29,scattered clouds
32,Chokurdakh,RU,70.6333,147.9167,7.68,90,100,9.91,overcast clouds
33,Henties Bay,NA,-22.116,14.2845,58.89,89,18,7.76,few clouds
34,Hobart,AU,-42.8794,147.3294,57.06,61,75,11.5,broken clouds
35,Mezibori,CZ,50.6212,13.5987,56.71,97,88,4.61,overcast clouds
36,Goderich,CA,43.7501,-81.7165,50.92,53,87,17.27,overcast clouds
37,Muscat,OM,23.6139,58.5922,73.42,39,50,2.48,scattered clouds
38,Lebu,CL,-37.6167,-73.65,50.86,87,66,17.34,broken clouds
39,Kapaa,US,22.0752,-159.319,82.72,63,75,14.97,broken clouds
40,Leningradskiy,RU,69.3833,178.4167,12.69,86,22,4.29,few clouds
41,Isangel,VU,-19.55,169.2667,80.71,69,40,4.61,scattered clouds
42,Albany,US,42.6001,-73.9662,61.21,66,90,1.99,overcast clouds
43,Thompson,CA,55.7435,-97.8558,28.56,93,100,12.66,light shower snow
44,Temir,KZ,49.1414,57.13,44.26,77,100,3.94,light rain
45,Xunchang,CN,28.4543,104.715,63.73,69,89,2.13,overcast clouds
46,Kokopo,PG,-4.352,152.2633,85.96,62,69,5.97,broken clouds
47,Ilhabela,BR,-23.7781,-45.3581,69.98,91,97,6.98,light rain
48,Carnarvon,AU,-24.8667,113.6333,68.29,62,63,17.13,broken clouds
49,Nanortalik,GL,60.1432,-45.2371,36.43,70,0,17.43,clear sky
50,Qaqortoq,GL,60.7167,-46.0333,35.82,70,0,9.37,clear sky
51,Salinopolis,BR,-0.6136,-47.3561,80.26,78,8,9.22,clear sky
52,Port Elizabeth,ZA,-33.918,25.5701,62.89,99,100,14.97,light rain
53,Morondava,MG,-20.2833,44.2833,73.81,75,15,7.09,few clouds
54,Vaini,TO,-21.2,-175.2,78.96,78,75,5.75,broken clouds
55,Harper,LR,4.375,-7.7169,77.22,85,100,7.45,light rain
56,Hermanus,ZA,-34.4187,19.2345,61.81,90,24,11.74,few clouds
57,Buzmeyin,TM,38.0507,58.2056,67.73,40,5,6.91,clear sky
58,Whitehorse,CA,60.7161,-135.0538,38.17,94,75,20.71,broken clouds
59,Waingapu,ID,-9.6567,120.2641,85.77,63,99,11.23,overcast clouds
60,Darnah,LY,32.767,22.6367,70.03,73,100,26.87,light rain
61,Bambari,CF,5.768,20.6757,71.1,96,100,2.42,overcast clouds
62,Hastings,GB,50.8552,0.5729,60.55,74,79,24.4,broken clouds
63,Kasongo-Lunda,CD,-6.4667,16.8167,69.6,99,100,0.76,light rain
64,Puerto Maldonado,PE,-12.6,-69.1833,73.85,83,69,0.45,broken clouds
65,Gazanjyk,TM,39.2446,55.5154,67.41,47,100,7.4,overcast clouds
66,Arlit,NE,18.7369,7.3853,83.73,16,0,8.43,clear sky
67,Butaritari,KI,3.0707,172.7902,81.75,72,1,19.3,clear sky
68,Hamilton,US,39.1834,-84.5333,54.77,56,0,0.0,clear sky
69,Mananjary,MG,-21.2167,48.3333,63.46,92,7,5.35,clear sky
70,Huilong,CN,31.8111,121.655,70.93,71,40,10.45,scattered clouds
71,Kibala,TD,9.1104,18.3463,75.15,94,0,3.44,clear sky
72,Vila Franca Do Campo,PT,37.7167,-25.4333,66.2,74,0,8.95,clear sky
73,Sao Joao Da Barra,BR,-21.6403,-41.0511,71.69,78,100,8.14,overcast clouds
74,Port Blair,IN,11.6667,92.75,77.04,94,40,2.3,mist
75,Naze,JP,28.3667,129.4833,79.72,85,89,10.51,overcast clouds
76,Lahij,YE,13.1667,44.5833,75.96,70,0,4.7,clear sky
77,Tuktoyaktuk,CA,69.4541,-133.0374,23.0,74,75,8.05,broken clouds
78,Pisco,PE,-13.7,-76.2167,60.85,82,0,14.97,clear sky
79,Barrow,US,71.2906,-156.7887,8.62,85,0,9.22,clear sky
80,Correntina,BR,-13.3433,-44.6367,73.85,39,21,3.91,few clouds
81,Yellowknife,CA,62.456,-114.3525,28.92,54,40,5.75,scattered clouds
82,Abadszalok,HU,47.4667,20.6,55.38,58,100,6.29,overcast clouds
83,Labuan,MY,5.2767,115.2417,82.76,83,20,3.44,few clouds
84,Bogande,BF,12.9714,-0.1436,79.23,66,6,9.6,clear sky
85,Kloulklubed,PW,7.0419,134.2556,82.9,75,98,9.66,overcast clouds
86,Arraial Do Cabo,BR,-22.9661,-42.0278,70.54,84,100,9.89,overcast clouds
87,Sinegorye,RU,62.0788,150.477,10.04,90,43,1.45,scattered clouds
88,Changping,CN,40.2186,116.2197,58.64,16,9,8.88,clear sky
89,Torbay,CA,47.6666,-52.7314,50.27,93,75,9.22,broken clouds
90,Iqaluit,CA,63.7506,-68.5145,33.53,100,100,5.75,light intensity drizzle
91,Pokrovsk,UA,48.282,37.1758,37.92,70,80,8.34,broken clouds
92,Grindavik,IS,63.8424,-22.4338,37.87,75,75,35.68,broken clouds
93,Atuona,PF,-9.8,-139.0333,76.78,74,11,12.01,few clouds
94,Broken Hill,AU,-31.95,141.4333,68.05,37,28,1.79,scattered clouds
95,Asmar,AF,35.0333,71.3581,64.02,33,0,5.86,clear sky
96,Valkeala,FI,60.9401,26.7979,50.4,93,100,10.36,overcast clouds
97,Yar-Sale,RU,66.8333,70.8333,38.12,88,100,4.38,overcast clouds
98,Broome,US,42.2506,-75.833,55.78,66,20,8.05,few clouds
99,Ambilobe,MG,-13.2,49.05,69.66,72,33,4.16,scattered clouds
100,Lubben,DE,51.95,13.9,59.25,94,98,8.77,overcast clouds
101,Alice Springs,AU,-23.7,133.8833,80.15,32,0,11.5,clear sky
102,Jalu,LY,29.0331,21.5482,67.3,67,0,9.98,clear sky
103,Mana,GF,5.6592,-53.7767,79.86,86,40,9.86,scattered clouds
104,Porto Velho,BR,-8.7619,-63.9039,82.45,69,40,2.64,scattered clouds
105,Port Alfred,ZA,-33.5906,26.891,63.18,95,100,5.01,overcast clouds
106,Kaeo,NZ,-35.1,173.7833,71.33,71,6,8.41,clear sky
107,Esperance,AU,-33.8667,121.9,60.64,64,61,12.37,broken clouds
108,Salou,ES,41.0766,1.1416,67.28,89,4,3.44,clear sky
109,Katsuura,JP,35.1333,140.3,73.2,68,5,13.38,clear sky
110,San Patricio,US,28.017,-97.5169,82.54,69,5,10.8,clear sky
111,Codrington,AU,-38.2667,141.9667,56.95,69,48,7.65,scattered clouds
112,Longyearbyen,SJ,78.2186,15.6401,22.84,74,0,13.8,clear sky
113,Sorkjosen,NO,69.8,20.9333,48.2,71,75,16.11,light rain
114,Teguise,ES,29.0605,-13.564,70.02,73,0,12.66,light rain
115,Acajutla,SV,13.5928,-89.8275,80.8,80,100,1.34,overcast clouds
116,Hilo,US,19.7297,-155.09,88.29,78,100,10.36,overcast clouds
117,Port Hardy,CA,50.6996,-127.4199,60.98,77,20,0.0,few clouds
118,Alta Floresta,BR,-9.8756,-56.0861,78.57,64,99,4.63,overcast clouds
119,Avarua,CK,-21.2078,-159.775,80.65,65,4,14.97,clear sky
120,Mendoza,AR,-32.8908,-68.8272,65.73,26,0,3.44,clear sky
121,Saint George,US,37.1041,-113.5841,84.79,18,0,10.36,clear sky
122,Hongjiang,CN,27.11,109.9956,69.93,48,2,4.0,clear sky
123,Vallenar,CL,-28.5708,-70.7581,62.47,61,0,2.21,clear sky
124,Shakawe,BW,-18.3667,21.85,70.97,22,100,5.91,overcast clouds
125,Vila Velha,BR,-20.3297,-40.2925,75.15,79,75,11.5,broken clouds
126,San Cristobal,VE,7.7669,-72.225,73.58,91,12,2.28,few clouds
127,Yichun,CN,47.7,128.9,40.93,37,0,11.92,clear sky
128,Waipawa,NZ,-41.4122,175.5153,56.07,58,77,6.11,broken clouds
129,Dukat,RU,62.55,155.55,6.01,90,38,2.66,scattered clouds
130,Zhigansk,RU,66.7697,123.3711,21.06,94,100,10.47,overcast clouds
131,Tynda,RU,55.1667,124.7167,28.89,79,100,12.73,overcast clouds
132,Coquimbo,CL,-29.9533,-71.3436,53.33,100,20,8.05,few clouds
133,Bambous Virieux,MU,-20.3428,57.7575,70.05,78,75,6.91,broken clouds
134,Nacala,MZ,-14.5428,40.6728,70.11,87,0,4.81,clear sky
135,Atherton,GB,53.5237,-2.4935,51.75,87,98,3.0,overcast clouds
136,Mahebourg,MU,-20.4081,57.7,70.09,78,75,6.91,broken clouds
137,Callaway,US,30.153,-85.5699,73.33,73,0,4.61,clear sky
138,Kodiak,US,57.79,-152.4072,53.11,71,100,5.75,overcast clouds
139,Dongobesh,TZ,-4.0667,35.3833,53.04,92,98,5.75,overcast clouds
140,Cayenne,GF,4.9333,-52.3333,77.04,94,0,0.0,clear sky
141,Ilulissat,GL,69.2167,-51.1,30.22,37,51,24.16,broken clouds
142,Ostrovnoy,RU,68.0531,39.5131,41.94,94,100,14.76,overcast clouds
143,Cherskiy,RU,68.75,161.3,12.52,94,100,8.23,light snow
144,Dutse,NG,11.7594,9.3392,73.02,32,100,2.98,overcast clouds
145,Cidreira,BR,-30.1811,-50.2056,63.39,86,99,20.36,overcast clouds
146,Mount Gambier,AU,-37.8333,140.7667,55.31,88,75,5.75,shower rain
147,Buchanan,LR,5.8808,-10.0467,75.63,89,100,4.99,moderate rain
148,Lisakovsk,KZ,52.5369,62.4936,37.42,74,8,7.34,clear sky
149,Shaunavon,CA,49.6501,-108.4181,47.98,34,100,10.96,overcast clouds
150,Kattivakkam,IN,13.2167,80.3167,82.49,82,38,2.59,scattered clouds
151,Kahului,US,20.8947,-156.47,87.82,63,40,17.27,scattered clouds
152,Honiara,SB,-9.4333,159.95,87.39,61,100,4.56,overcast clouds
153,Bredasdorp,ZA,-34.5322,20.0403,59.41,93,97,11.1,overcast clouds
154,Castro,BR,-24.7911,-50.0119,57.42,94,100,9.46,overcast clouds
155,Puro,PH,12.4841,123.3827,84.51,75,100,17.45,overcast clouds
156,Muros,ES,42.7762,-9.0603,64.09,93,100,17.65,overcast clouds
157,Nome,US,64.5011,-165.4064,35.67,36,0,20.71,dust
158,Mareeba,AU,-17.0,145.4333,86.43,59,14,8.86,few clouds
159,Kutum,SD,14.2,24.6667,72.45,29,6,8.21,clear sky
160,Constitucion,CL,-35.3333,-72.4167,55.67,73,86,9.04,overcast clouds
161,Bethel,US,41.3712,-73.414,61.65,73,0,6.91,clear sky
162,Isla Vista,US,34.4133,-119.861,69.82,80,40,10.36,scattered clouds
163,Cairns,AU,-16.9167,145.7667,91.06,61,75,8.05,broken clouds
164,East London,ZA,-33.0153,27.9116,65.79,83,100,17.83,overcast clouds
165,Margate,GB,51.3813,1.3862,56.7,82,49,3.0,scattered clouds
166,Qaanaaq,GL,77.484,-69.3632,29.84,85,100,24.61,snow
167,Saldanha,ZA,-33.0117,17.9442,60.85,82,61,6.44,broken clouds
168,Merauke,ID,-8.4667,140.3333,85.89,71,52,7.83,broken clouds
169,Itarema,BR,-2.9248,-39.9167,78.71,84,1,17.43,clear sky
170,Airai,TL,-8.9266,125.4092,73.36,53,100,4.16,overcast clouds
171,Sakakah,SA,29.9697,40.2064,69.37,21,6,4.36,clear sky
172,Hofn,IS,64.2539,-15.2082,39.67,61,14,23.91,few clouds
173,Arak,IR,34.0917,49.6892,57.65,29,23,3.04,few clouds
174,Yichang,CN,30.7144,111.2847,73.15,51,89,2.89,overcast clouds
175,Bardiyah,LY,31.7561,25.0865,70.48,73,5,17.2,light rain
176,Auki,SB,-8.7676,160.7034,86.5,62,100,4.16,overcast clouds
177,Chuy,UY,-33.6971,-53.4616,57.29,87,100,12.8,light rain
178,Kaithal,IN,29.8,76.3833,69.28,58,0,2.75,clear sky
179,Vila,PT,42.0304,-8.1588,54.48,93,100,5.37,overcast clouds
180,Inverell,AU,-29.7833,151.1167,72.66,58,23,5.01,few clouds
181,Samana,DO,19.2056,-69.3369,78.31,85,12,6.53,few clouds
182,Yulara,AU,-25.2406,130.9889,81.81,33,0,11.23,clear sky
183,Yarega,RU,63.4354,53.5765,38.82,96,100,4.03,overcast clouds
184,Faya,SA,18.3851,42.4509,59.11,29,10,4.63,clear sky
185,Mporokoso,ZM,-9.3727,30.125,65.34,23,37,7.54,scattered clouds
186,Changli,CN,39.7042,119.1506,57.25,19,90,14.36,overcast clouds
187,Lalupon,NG,7.4667,4.0667,71.85,97,100,0.94,light rain
188,Malartic,CA,48.1335,-78.1328,43.02,94,100,13.27,moderate rain
189,Mudanya,TR,40.3753,28.8822,61.52,84,100,10.76,overcast clouds
190,San Rafael,AR,-34.6177,-68.3301,62.31,26,35,4.97,scattered clouds
191,Puerto Colombia,CO,10.9878,-74.9547,82.49,80,75,13.15,broken clouds
192,Tondano,ID,1.3038,124.9112,82.49,63,86,2.55,overcast clouds
193,Las Vegas,US,36.175,-115.1372,81.28,32,0,8.05,clear sky
194,Pires Do Rio,BR,-17.2997,-48.2794,73.0,40,27,4.43,scattered clouds
195,Pacific Grove,US,36.6177,-121.9166,64.08,82,75,11.5,broken clouds
196,Cukai,MY,4.25,103.4167,84.99,84,59,3.6,broken clouds
197,Okhtyrka,UA,50.3104,34.8988,37.09,73,7,5.19,clear sky
198,San Cataldo,IT,37.4841,13.9854,58.87,85,3,3.04,clear sky
199,Pangnirtung,CA,66.1451,-65.7125,37.31,93,100,0.81,overcast clouds
200,Buritis,BR,-15.6178,-46.4233,78.46,35,30,4.76,scattered clouds
201,Floro,NO,61.5996,5.0328,49.96,81,100,20.71,overcast clouds
202,Ulaangom,MN,49.9811,92.0667,29.7,54,0,2.59,clear sky
203,San Policarpo,PH,12.1791,125.5072,85.46,70,100,5.77,overcast clouds
204,Upernavik,GL,72.7868,-56.1549,25.79,61,100,10.2,overcast clouds
205,Cape Town,ZA,-33.9258,18.4232,66.38,77,0,11.5,clear sky
206,Salym,RU,60.0625,71.4789,42.8,92,100,4.03,overcast clouds
207,Talnakh,RU,69.4865,88.3972,31.21,96,100,9.95,snow
208,Provideniya,RU,64.3833,-173.3,29.57,74,100,14.09,overcast clouds
209,Bubaque,GW,11.2833,-15.8333,82.35,73,82,7.02,broken clouds
210,Nikolskoye,RU,59.7035,30.7861,49.91,81,100,8.32,overcast clouds
211,Lorengau,PG,-2.0226,147.2712,85.01,71,37,10.49,scattered clouds
212,Sinjar,IQ,36.3209,41.8754,72.03,37,73,3.02,broken clouds
213,Hasaki,JP,35.7333,140.8333,75.29,67,2,12.35,clear sky
214,Alofi,NU,-19.0595,-169.9187,84.09,65,0,11.5,clear sky
215,Bayburt,TR,40.2589,40.2278,49.37,89,100,3.2,overcast clouds
216,Biak,ID,-0.9131,122.8766,83.05,68,79,5.19,broken clouds
217,Powassan,CA,46.0334,-79.3496,44.15,94,49,11.3,light rain
218,Turukhansk,RU,65.8167,87.9833,29.39,84,97,11.07,overcast clouds
219,Shush,IR,32.1942,48.2436,79.03,25,10,4.27,clear sky
220,Kaniama,CD,-7.5667,24.1833,69.48,71,79,7.4,broken clouds
221,Los Llanos De Aridane,ES,28.6585,-17.9182,67.75,80,75,10.0,broken clouds
222,North Bend,US,43.4065,-124.2243,66.24,88,0,9.22,clear sky
223,Kungurtug,RU,50.5994,97.5228,23.77,46,0,1.48,clear sky
224,Deputatskiy,RU,69.3,139.9,13.01,91,100,4.03,overcast clouds
225,Bata,GQ,1.8639,9.7658,75.99,89,100,3.47,light rain
226,Tiruchchendur,IN,8.4833,78.1167,77.29,79,100,14.85,overcast clouds
227,Macheng,CN,31.1783,115.0319,69.84,51,6,6.4,clear sky
228,Luderitz,NA,-26.6481,15.1594,57.74,87,74,4.14,broken clouds
229,Camana,PE,-16.6228,-72.7111,63.19,78,1,6.91,clear sky
230,Coolum Beach,AU,-26.5333,153.1,74.1,71,64,6.53,broken clouds
231,Maningrida,AU,-12.0667,134.2667,89.15,53,69,10.87,broken clouds
232,Sorland,NO,67.667,12.6934,46.26,74,100,22.35,overcast clouds
233,Hualmay,PE,-11.0964,-77.6139,62.04,82,34,9.04,scattered clouds
234,Clyde River,CA,70.4692,-68.5914,41.23,81,0,18.41,clear sky
235,Warrnambool,AU,-38.3833,142.4833,55.69,65,7,8.37,clear sky
236,Geraldton,AU,-28.7667,114.6,64.81,59,75,21.85,broken clouds
237,Georgetown,MY,5.4112,100.3354,76.93,97,40,4.61,moderate rain
238,Kaitangata,NZ,-46.2817,169.8464,58.46,71,65,2.86,broken clouds
239,Petropavl,KZ,54.8753,69.1628,44.13,76,95,5.77,overcast clouds
240,San Luis,AR,-33.295,-66.3356,60.15,45,0,8.14,clear sky
241,Faanui,PF,-16.4833,-151.75,79.02,77,35,17.92,light rain
242,Guerrero Negro,MX,27.9769,-114.0611,70.7,62,1,13.76,clear sky
243,Poum,NC,-20.2333,164.0167,75.07,74,20,16.98,few clouds
244,Baykit,RU,61.67,96.37,28.63,87,100,1.61,overcast clouds
245,Erdenet,MN,49.0333,104.0833,23.25,65,0,1.43,clear sky
246,Saint-Joseph,RE,-21.3667,55.6167,70.47,77,26,10.07,scattered clouds
247,Andenes,NO,69.3143,16.1194,46.92,81,75,8.05,broken clouds
248,Vila Do Maio,CV,15.1333,-23.2167,77.79,72,98,9.53,overcast clouds
249,Sao Filipe,CV,14.8961,-24.4956,77.14,73,46,7.34,scattered clouds
250,Matara,LK,5.9485,80.5353,76.95,90,72,7.07,broken clouds
251,Bay Roberts,CA,47.5999,-53.2648,50.32,78,100,3.98,overcast clouds
252,Rafai,CF,4.95,23.9167,68.95,98,100,0.31,light rain
253,Meridian,US,43.6121,-116.3915,76.05,33,0,5.75,clear sky
254,Castlegar,CA,49.2998,-117.6689,63.28,46,7,0.65,clear sky
255,Hope,US,33.6671,-93.5916,84.25,60,29,4.47,scattered clouds
256,Half Moon Bay,US,37.4636,-122.4286,68.92,80,100,17.27,mist
257,Fohnsdorf,AT,47.2183,14.6819,47.16,95,21,3.38,few clouds
258,Riyadh,SA,24.6877,46.7219,71.74,20,2,4.32,clear sky
259,Etne,NO,59.6648,5.9326,52.74,90,92,6.73,light rain
260,Sirjan,IR,29.452,55.6814,61.86,31,0,5.28,clear sky
261,Mizan Teferi,ET,6.9833,35.5833,58.77,95,59,3.31,light rain
262,Xingcheng,CN,40.6167,120.7167,53.82,24,100,21.56,overcast clouds
263,Wonthaggi,AU,-38.6044,145.5913,56.82,64,18,10.83,few clouds
264,Trincomalee,LK,8.5711,81.2335,78.49,81,97,11.68,overcast clouds
265,Mahanje,TZ,-9.9333,35.3333,59.04,60,18,3.69,few clouds
266,Sola,VU,-13.8833,167.55,84.87,74,100,9.22,overcast clouds
267,Neiafu,TO,-18.65,-173.9833,83.08,83,20,11.5,few clouds
268,Rangapara,IN,26.8167,92.65,70.52,85,0,4.34,clear sky
269,Pierre,US,44.3683,-100.351,60.06,51,75,11.5,broken clouds
270,Vaasa,FI,63.096,21.6158,50.29,100,100,4.61,overcast clouds
271,Suntar,RU,62.1444,117.6319,30.97,95,100,7.81,light snow
272,Gengenbach,DE,48.4,8.0167,63.63,89,99,4.63,overcast clouds
273,Srivardhan,IN,18.0333,73.0167,75.94,73,64,6.82,broken clouds
274,Lumphat,KH,13.4878,106.9816,74.21,87,100,1.45,overcast clouds
275,Sitka,US,57.0531,-135.33,57.09,88,75,11.5,broken clouds
276,Mosquera,CO,4.7059,-74.2302,55.49,94,40,6.91,scattered clouds
277,Taoudenni,ML,22.6783,-3.9836,90.14,9,97,10.63,overcast clouds
278,Dingle,PH,10.9995,122.6711,79.9,85,100,11.3,overcast clouds
279,Manggar,ID,-2.8833,108.2667,81.1,80,100,5.57,overcast clouds
280,Cabo San Lucas,MX,22.8909,-109.9124,83.5,67,2,8.01,clear sky
281,Najran,SA,17.4924,44.1277,65.05,25,100,2.51,overcast clouds
282,Itaueira,BR,-7.6033,-43.0256,81.88,28,4,5.7,clear sky
283,Okato,NZ,-39.2,173.8833,63.91,100,43,12.35,scattered clouds
284,Saint-Denis,FR,48.9167,2.3333,60.12,92,0,6.91,clear sky
285,Khatanga,RU,71.9667,102.5,25.68,88,100,13.0,overcast clouds
286,Mersing,MY,2.4312,103.8405,75.11,100,40,3.44,heavy intensity rain
287,Visby,SE,57.6409,18.296,55.62,88,100,16.11,overcast clouds
288,Matay,EG,28.419,30.7792,74.86,43,3,4.94,clear sky
289,Tura,IN,25.5198,90.2201,70.56,83,100,3.83,overcast clouds
290,Mayfield,US,36.7417,-88.6367,64.72,53,0,0.0,clear sky
291,Cockburn Town,TC,21.4612,-71.1419,82.17,74,90,10.31,overcast clouds
292,Ankazoabo,MG,-22.2833,44.5167,68.59,86,96,5.59,overcast clouds
293,San Jose,US,37.3394,-121.895,70.0,69,20,11.5,few clouds
294,Ambon,ID,-3.6954,128.1814,89.74,66,40,4.61,scattered clouds
295,Ulverstone,AU,-41.15,146.1667,52.21,51,86,9.22,overcast clouds
296,Hamadan,IR,34.7992,48.5146,45.48,36,0,6.91,clear sky
297,Eyrarbakki,IS,63.863,-21.1481,37.45,74,100,14.43,overcast clouds
298,Hithadhoo,MV,-0.6,73.0833,81.14,68,84,14.45,broken clouds
299,Gamba,GA,-2.65,10.0,74.26,90,100,4.07,overcast clouds
300,Kindu,CD,-2.95,25.95,68.79,99,100,2.93,light rain
301,Sumbe,AO,-11.2061,13.8437,73.8,85,30,3.67,scattered clouds
302,Taywarah,AF,33.35,64.4167,40.62,26,0,4.94,clear sky
303,Koslan,RU,63.4564,48.8989,41.02,97,100,4.05,overcast clouds
304,Makakilo City,US,21.3469,-158.0858,86.32,52,100,13.8,overcast clouds
305,Tabou,CI,4.423,-7.3528,75.88,88,100,5.5,light rain
306,Luklukan,PH,14.3254,122.7124,85.14,73,97,13.71,overcast clouds
307,Belturbet,IE,54.1,-7.45,42.3,91,6,10.09,clear sky
308,Bergneustadt,DE,51.0333,7.65,56.52,89,100,1.01,overcast clouds
309,Solnechnyy,RU,50.7214,136.6319,44.13,80,99,2.57,overcast clouds
310,Springfield,US,37.2153,-93.2982,65.88,69,11,5.66,few clouds
311,Nabire,ID,-3.3667,135.4833,84.61,70,100,3.0,overcast clouds
312,Mabiton,PH,12.8334,123.2612,84.4,76,100,16.64,overcast clouds
313,Emerald,AU,-23.5333,148.1667,83.34,54,41,8.08,scattered clouds
314,Hirara,JP,24.8,125.2833,82.67,89,75,18.41,broken clouds
315,Hobyo,SO,5.3505,48.5268,76.84,88,26,17.18,scattered clouds
316,Rio Grande,BR,-32.035,-52.0986,62.71,89,100,18.45,overcast clouds
317,Bull Savanna,JM,17.8868,-77.5902,77.11,80,98,6.8,overcast clouds
318,New Norfolk,AU,-42.7826,147.0587,54.91,60,100,4.0,overcast clouds
319,Milwaukee,US,43.0006,-87.9668,50.88,57,40,8.05,scattered clouds
320,Suchedniow,PL,51.0478,20.8292,59.02,77,100,6.26,overcast clouds
321,Birjand,IR,32.8663,59.2211,48.67,20,0,4.61,clear sky
322,Athabasca,CA,54.7169,-113.2854,36.01,32,100,6.31,overcast clouds
323,Tsurib,RU,42.2368,46.8307,45.25,98,100,3.13,light rain
324,Pemangkat,ID,1.1667,108.9667,80.73,81,100,4.45,overcast clouds
325,Marawi,PH,7.9986,124.2928,79.5,67,41,4.43,scattered clouds
326,Beni Suef,EG,29.0731,31.0979,74.73,45,6,6.22,clear sky
327,Rojhan,PK,28.6868,69.9534,76.78,19,0,5.5,clear sky
328,Agirish,RU,61.9247,63.0231,38.7,96,100,4.23,overcast clouds
329,Jumla,NP,29.2747,82.1838,46.11,61,0,5.37,clear sky
330,Kyra,RU,49.5776,111.9753,29.07,54,100,12.19,overcast clouds
331,Nehoiu,RO,45.4167,26.3,42.58,85,0,2.42,clear sky
332,Balao,EC,-2.9167,-79.8167,70.57,84,100,5.12,overcast clouds
333,Narsaq,GL,60.9167,-46.05,27.55,72,0,7.23,clear sky
334,Xichang,CN,27.8964,102.2634,54.59,79,100,3.56,overcast clouds
335,Yenagoa,NG,4.9247,6.2642,74.79,94,100,4.18,overcast clouds
336,Dunedin,NZ,-45.8742,170.5036,56.97,68,81,6.76,broken clouds
337,Koumac,NC,-20.5667,164.2833,77.16,65,75,3.87,broken clouds
338,Palmer,US,42.1584,-72.3287,57.61,74,0,6.91,clear sky
339,Aklavik,CA,68.2191,-135.0107,22.73,73,100,12.24,overcast clouds
340,Maposeni,TZ,-10.5833,35.4,60.28,58,13,4.21,few clouds
341,Somanda,TZ,-3.3667,33.95,72.7,54,42,6.87,scattered clouds
342,Tessalit,ML,20.1986,1.0114,80.42,13,0,9.19,clear sky
343,Imamoglu,TR,37.2651,35.6572,61.83,66,38,3.69,scattered clouds
344,Namatanai,PG,-3.6667,152.4333,86.07,65,57,5.44,light rain
345,Mentougou,CN,39.9392,116.0917,58.14,17,0,8.28,clear sky
346,Constantine,DZ,36.365,6.6147,58.41,62,0,0.0,clear sky
347,Touros,BR,-5.1989,-35.4608,77.2,80,62,17.31,broken clouds
348,Barra Do Corda,BR,-5.5,-45.25,85.05,45,100,1.68,overcast clouds
349,Ponta Delgada,PT,37.7333,-25.6667,66.51,72,20,6.91,few clouds
350,Campbell River,CA,50.0163,-125.2446,70.18,46,20,2.3,few clouds
351,Pevek,RU,69.7008,170.3133,17.37,92,97,3.74,overcast clouds
352,Esso,RU,55.9333,158.7,31.32,84,76,2.57,broken clouds
353,Port Macquarie,AU,-31.4333,152.9167,70.9,64,53,8.55,broken clouds
354,Atagay,RU,55.1033,99.3875,28.13,83,20,5.01,few clouds
355,Nouadhibou,MR,20.931,-17.0347,69.78,88,0,12.66,clear sky
356,Port-Gentil,GA,-0.7193,8.7815,77.38,81,100,3.83,overcast clouds
357,Wankaner,IN,22.6167,70.9333,74.01,38,92,1.88,overcast clouds
358,Giyani,ZA,-23.3025,30.7187,67.32,82,88,10.94,overcast clouds
359,Beringovskiy,RU,63.05,179.3167,29.1,67,100,16.37,overcast clouds
360,Klyuchi,RU,52.2667,79.1667,48.31,36,100,4.79,overcast clouds
361,Tarbes,FR,43.25,0.1667,61.5,72,0,4.61,clear sky
362,Kabinda,CD,-6.1333,24.4833,66.07,95,100,7.05,overcast clouds
363,Puerto Narino,CO,-3.7703,-70.3831,73.62,97,100,2.75,overcast clouds
364,Kruisfontein,ZA,-34.0033,24.7314,59.95,87,100,9.31,overcast clouds
365,Quimper,FR,48.0,-4.1,55.98,94,0,3.44,clear sky
366,Coihaique,CL,-45.5752,-72.0662,54.21,62,0,4.61,clear sky
367,Plettenberg Bay,ZA,-34.0527,23.3716,61.68,83,100,8.68,overcast clouds
368,Saskylakh,RU,71.9167,114.0833,32.65,93,100,17.49,overcast clouds
369,Yatou,CN,37.15,122.3833,64.51,62,100,7.65,overcast clouds
370,Awjilah,LY,29.1081,21.2869,67.5,68,0,9.95,clear sky
371,Longyan,CN,25.1072,117.0225,74.1,57,100,6.24,overcast clouds
372,Sofiyivka,UA,48.0493,33.8746,39.67,64,64,8.03,broken clouds
373,Tabas,IR,33.5959,56.9244,72.25,14,0,3.31,clear sky
374,Redmond,US,47.674,-122.1215,76.44,58,0,1.01,clear sky
375,Catalina,US,32.5056,-110.9211,76.23,59,70,1.01,broken clouds
376,Marzuq,YE,14.4,46.4667,67.75,59,5,2.08,clear sky
377,Wajir,KE,1.7471,40.0573,75.81,68,100,15.5,overcast clouds
378,Rock Sound,BS,24.9,-76.2,82.35,74,5,16.35,clear sky
379,Quelimane,MZ,-17.8786,36.8883,75.15,83,0,8.05,clear sky
380,Dao,PH,11.3937,122.6856,83.01,83,100,5.48,overcast clouds
381,Kalmunai,LK,7.4167,81.8167,78.08,83,100,4.59,overcast clouds
382,Richards Bay,ZA,-28.783,32.0377,68.5,72,100,5.91,overcast clouds
383,Weymouth,US,42.2209,-70.9398,59.22,88,0,8.05,clear sky
384,La Ronge,CA,55.1001,-105.2842,35.85,48,20,10.36,few clouds
385,Tshikapa,CD,-6.4167,20.8,69.66,96,100,3.91,light rain
386,Mirnyy,RU,62.5353,113.9611,28.24,92,100,15.99,overcast clouds
387,Pangody,RU,65.85,74.4859,33.01,90,85,6.46,overcast clouds
388,Te Anau,NZ,-45.4167,167.7167,61.81,49,99,3.69,overcast clouds
389,Mitsamiouli,KM,-11.3847,43.2844,74.7,78,1,9.78,clear sky
390,Belaya Gora,RU,68.5333,146.4167,12.45,77,84,8.52,broken clouds
391,Port Maria,JM,18.3685,-76.8895,82.36,94,100,6.87,overcast clouds
392,Gogrial,SS,8.5332,28.1004,73.18,86,100,3.76,overcast clouds
393,Inuvik,CA,68.3499,-133.7218,23.86,74,75,8.05,broken clouds
394,Grand Gaube,MU,-20.0064,57.6608,70.2,77,100,5.99,overcast clouds
395,Egvekinot,RU,66.3167,-179.1667,14.22,79,75,10.69,broken clouds
396,Choya,RU,52.0108,86.5467,38.61,58,32,3.89,scattered clouds
397,Abu Samrah,SY,35.3029,37.1841,65.39,65,1,5.32,clear sky
398,Batemans Bay,AU,-35.7167,150.1833,60.1,73,93,9.4,overcast clouds
399,Bintulu,MY,3.1667,113.0333,79.21,94,20,3.44,few clouds
400,Ahipara,NZ,-35.1667,173.1667,62.17,58,12,8.99,few clouds
401,Lagoa,PT,39.05,-27.9833,64.99,65,63,25.72,light rain
402,Kamenka,RU,51.3223,42.7678,36.59,74,15,3.74,few clouds
403,Ziro,IN,27.6333,93.8333,48.94,94,16,2.21,few clouds
404,Noumea,NC,-22.2763,166.4572,85.98,61,0,13.69,clear sky
405,Yangjiang,CN,21.85,111.9667,74.28,55,22,8.5,few clouds
406,Kapoeta,SS,4.7717,33.5903,78.21,54,70,12.62,broken clouds
407,Varhaug,NO,58.6147,5.6457,49.89,82,100,17.27,overcast clouds
408,Chenzhou,CN,25.8,113.0333,68.0,45,11,5.75,few clouds
409,Vilhena,BR,-12.7406,-60.1458,70.2,84,100,3.8,overcast clouds
410,Sungaipenuh,ID,-2.0833,101.3833,66.92,93,100,1.43,light rain
411,Krasnozerskoye,RU,53.9828,79.2374,45.16,47,100,2.71,overcast clouds
412,Hof,DE,50.3167,11.9167,58.62,94,75,10.36,broken clouds
413,Gorele,TR,41.0308,39.0031,62.04,86,99,1.81,overcast clouds
414,Jiayuguan,CN,39.8167,98.3,48.9,25,0,4.32,clear sky
415,Yamada,JP,39.4667,141.95,64.78,74,41,3.51,scattered clouds
416,Bac Lieu,VN,9.285,105.7244,75.54,80,81,6.93,broken clouds
417,Santa Cruz,BO,-17.8,-63.1667,80.06,61,40,2.3,scattered clouds
418,Byron Bay,AU,-28.65,153.6167,74.71,71,34,5.93,scattered clouds
419,Leh,IN,34.1667,77.5833,38.21,35,4,4.97,clear sky
420,Bonthe,SL,7.5264,-12.505,75.61,89,99,1.12,moderate rain
421,Mangrol,IN,21.1167,70.1167,77.52,48,26,8.46,scattered clouds
422,Touba,CI,8.2833,-7.6833,68.72,97,100,5.35,overcast clouds
423,Pedro Carbo,EC,-1.8333,-80.2333,72.34,72,97,7.85,overcast clouds
424,Kudat,MY,6.8837,116.8477,84.13,79,20,6.91,few clouds
425,Konevo,RU,62.1215,39.3192,43.47,96,99,5.19,overcast clouds
426,Upata,VE,8.0086,-62.3989,71.87,94,69,3.94,broken clouds
427,Mehamn,NO,71.0357,27.8492,44.55,87,75,12.66,broken clouds
428,Gat,IL,31.61,34.7642,71.4,54,0,4.32,clear sky
429,Alakurtti,RU,66.9672,30.3491,43.63,98,100,5.53,overcast clouds
430,Ratnagiri,IN,16.9833,73.3,76.24,79,85,5.91,overcast clouds
431,Colares,PT,38.7992,-9.4469,67.33,83,85,5.01,overcast clouds
432,Nelson Bay,AU,-32.7167,152.15,71.65,70,31,4.0,scattered clouds
433,Trofors,NO,65.5333,13.4063,37.27,94,81,4.43,broken clouds
434,Svetlyy,RU,54.675,20.1347,57.25,91,82,12.44,broken clouds
435,Lubango,AO,-14.9172,13.4925,58.19,85,77,3.47,broken clouds
436,Hoogeveen,NL,52.6833,6.5833,55.98,87,100,13.51,overcast clouds
437,Ajmer,IN,26.45,74.6333,68.4,46,0,2.46,clear sky
438,Keti Bandar,PK,24.1447,67.4497,79.57,67,74,14.0,broken clouds
439,Yashkul,RU,46.1711,45.3435,47.41,65,0,12.68,clear sky
440,Palauig,PH,15.435,119.9045,82.42,76,100,7.7,overcast clouds
441,Kaohsiung,TW,22.6163,120.3133,78.75,89,75,4.61,heavy intensity rain
442,Belmonte,BR,-15.8631,-38.8828,73.42,84,59,10.27,broken clouds
443,Cervo,ES,43.6702,-7.4101,57.96,85,100,5.48,overcast clouds
444,Erzin,TR,36.9559,36.2,66.31,58,100,3.56,overcast clouds
445,Dwarka,IN,22.2394,68.9678,81.0,64,26,10.25,scattered clouds
446,Labuhan,ID,-6.8844,112.2051,81.77,75,100,6.6,light rain
447,Havre,FR,49.5833,0.3333,56.97,88,0,13.8,clear sky
448,Djibo,BF,14.1022,-1.6306,82.98,56,51,13.82,broken clouds
449,Altay,CN,47.8667,88.1167,46.96,31,99,6.02,overcast clouds
450,Kill,IE,52.1761,-7.335,45.73,89,1,12.75,clear sky
451,Inhambane,MZ,-23.865,35.3833,69.75,86,1,6.6,clear sky
452,Vestmannaeyjar,IS,63.4427,-20.2734,40.19,65,92,28.79,overcast clouds
453,Iralaya,HN,15.0,-83.2333,80.26,85,96,8.52,overcast clouds
454,Fortuna,US,40.5982,-124.1573,64.9,77,0,10.36,clear sky
455,Port Lincoln,AU,-34.7333,135.8667,60.84,60,2,6.17,clear sky
456,Portland,US,45.5234,-122.6762,84.79,30,0,16.11,clear sky
457,Aki,JP,33.5,133.9,75.15,60,0,2.8,clear sky
458,Ahuimanu,US,21.4447,-157.8378,83.79,61,10,4.0,clear sky
459,Storforshei,NO,66.4043,14.5233,41.67,100,40,0.0,scattered clouds
460,Anito,PH,12.4497,125.2886,86.5,67,100,6.55,overcast clouds
461,Myingyan,MM,21.4667,95.3833,80.78,82,22,3.24,few clouds
462,Tarata,BO,-17.6167,-66.0167,65.62,71,100,6.58,overcast clouds
463,Fernie,CA,49.5,-115.0687,60.89,61,7,1.19,clear sky
464,Lompoc,US,34.6391,-120.4579,68.56,87,100,11.5,overcast clouds
465,Rawson,AR,-43.3002,-65.1023,50.61,80,86,19.53,overcast clouds
466,Stromness,GB,58.965,-3.296,44.87,88,100,1.01,overcast clouds
467,Olafsvik,IS,64.8945,-23.7142,35.46,68,90,40.6,overcast clouds
468,Novokruchininskiy,RU,51.7833,113.7667,31.73,47,13,8.84,few clouds
469,Santa Fe,AR,-31.6333,-60.7,61.02,82,30,8.5,scattered clouds
470,Ano Mera,GR,37.45,25.4,65.43,78,6,27.92,clear sky
471,George,ZA,-33.963,22.4617,56.75,100,75,12.66,broken clouds
472,Krasnoselkup,RU,65.7,82.4667,29.62,86,95,9.93,overcast clouds
473,Beisfjord,NO,68.3751,17.5988,46.45,98,100,4.61,light rain
474,Mount Hagen,PG,-5.8581,144.2274,77.99,38,7,3.31,clear sky
475,Vostok,RU,46.4856,135.8833,50.94,70,100,7.94,overcast clouds
476,Anloga,GH,5.7947,0.8973,78.66,84,100,11.36,moderate rain
477,Praia Da Vitoria,PT,38.7333,-27.0667,64.65,88,75,20.4,broken clouds
478,Turan,VN,16.0678,108.2208,80.58,74,75,5.75,broken clouds
479,Severnoye,RU,56.3491,78.3619,39.63,62,100,3.33,overcast clouds
480,Boulsa,BF,12.6675,-0.5758,78.15,66,22,7.65,few clouds
481,Lyangasovo,RU,58.5176,49.4472,39.94,94,100,5.48,overcast clouds
482,Tobermory,CA,45.2501,-81.6665,45.77,78,100,26.53,overcast clouds
483,San Jeronimo,PE,-11.9472,-75.2829,52.61,73,100,2.91,overcast clouds
484,Saint Anthony,US,45.0205,-93.218,50.09,65,100,5.75,overcast clouds
485,Ucluelet,CA,48.9329,-125.5528,68.31,73,6,3.27,clear sky
486,Tanhacu,BR,-14.0214,-41.2481,72.73,63,0,7.96,clear sky
487,Puli,TW,23.9664,120.9695,75.22,99,100,0.36,moderate rain
488,Barmer,IN,25.75,71.3833,76.5,32,0,4.9,clear sky
489,Okakarara,NA,-20.5833,17.4333,69.22,53,100,11.61,overcast clouds
490,Kirakira,SB,-10.4544,161.9205,83.66,76,100,5.46,overcast clouds
491,Flinders,AU,-34.5833,150.8552,71.19,58,66,4.0,broken clouds
492,Mantua,IT,45.1667,10.7833,64.09,83,100,3.0,overcast clouds
493,Sao Borja,BR,-28.6606,-56.0044,69.94,93,100,8.86,overcast clouds
494,Port Hedland,AU,-20.3167,118.5667,86.05,23,11,8.05,few clouds
495,Sao Gotardo,BR,-19.3111,-46.0489,66.63,40,88,9.33,overcast clouds
496,Alihe,CN,50.5667,123.7167,38.46,54,54,9.13,broken clouds
497,Tunceli,TR,39.1083,39.5471,54.84,81,21,2.53,few clouds
498,Yeroham,IL,30.9872,34.9314,67.59,47,0,3.15,clear sky
499,Zhumadian,CN,32.9794,114.0294,70.68,42,15,4.0,few clouds
500,Isakly,RU,54.1333,51.5333,39.49,84,55,6.55,broken clouds
501,Ballina,AU,-28.8667,153.5667,74.79,79,25,5.12,scattered clouds
502,Jaguey Grande,CU,22.5269,-81.1286,75.4,93,6,5.55,light rain
503,Durban,ZA,-29.8579,31.0292,66.02,90,100,3.0,overcast clouds
504,Matagami,CA,49.7502,-77.6328,42.91,100,100,8.05,light rain
505,Elizabeth City,US,36.2946,-76.2511,66.22,76,0,7.47,clear sky
506,Buala,SB,-8.145,159.5921,87.31,57,95,3.98,overcast clouds
507,Bartica,GY,6.4,-58.6167,79.12,94,43,2.82,scattered clouds
508,Chuzhou,CN,32.3219,118.2978,66.2,56,6,6.08,clear sky
509,Zhuanghe,CN,39.7008,122.9911,56.25,46,100,14.25,overcast clouds
510,College,US,64.8569,-147.8028,33.58,76,100,5.75,overcast clouds
511,Sociedad,SV,13.7,-88.0167,73.56,92,84,1.14,broken clouds
512,Mardin,TR,37.3131,40.7436,58.71,64,88,5.79,overcast clouds
513,Hami,CN,42.8,93.45,53.67,27,9,7.38,clear sky
514,Pasinler,TR,39.9803,41.6764,45.59,78,100,0.45,light rain
515,Zyryanka,RU,65.75,150.85,11.98,91,87,7.94,overcast clouds
516,Fairbanks,US,64.8378,-147.7164,33.6,76,100,5.75,overcast clouds
517,Zyryanovsk,KZ,49.7386,84.2719,42.39,46,100,1.25,overcast clouds
518,Auraiya,IN,26.4667,79.5167,72.3,66,0,1.9,clear sky
519,Ushtobe,KZ,45.2514,77.9838,54.18,34,55,2.68,broken clouds
520,Cape Coast,GH,5.1053,-1.2466,76.53,89,100,10.58,overcast clouds
521,Ludhiana,IN,30.9,75.85,67.98,60,0,4.94,clear sky
522,Malakal,SS,9.5334,31.6605,74.08,81,100,0.96,overcast clouds
523,Chateaubelair,VC,13.2833,-61.25,79.32,83,20,5.75,few clouds
524,Araouane,ML,18.9048,-3.5265,88.9,15,33,3.85,scattered clouds
525,Along,IN,28.1667,94.7667,66.85,92,28,1.32,scattered clouds
526,Fernley,US,39.608,-119.2518,81.46,12,0,5.57,clear sky
527,Ibra,OM,22.6906,58.5334,71.04,35,89,3.06,overcast clouds
528,Siva,EG,29.2041,25.5195,69.96,57,0,8.61,clear sky
529,Novouzensk,RU,50.4592,48.1431,38.39,69,6,6.26,clear sky
530,Lerwick,GB,60.1545,-1.1494,48.83,75,39,11.72,scattered clouds
531,Dagana,MR,16.5165,-15.5068,81.99,53,0,12.59,clear sky
532,Umm Kaddadah,SD,13.6017,26.6876,81.91,22,1,14.03,clear sky
533,Beloha,MG,-25.1667,45.05,66.58,98,44,5.12,scattered clouds
534,Andrelandia,BR,-21.7397,-44.3092,60.98,93,100,6.11,overcast clouds
535,Sibolga,ID,1.7427,98.7792,75.06,92,100,0.69,overcast clouds
536,Nishihara,JP,26.1842,127.7558,85.28,77,40,20.71,scattered clouds
537,Maniitsoq,GL,65.4167,-52.9,34.02,58,97,8.88,overcast clouds
538,Dunmore Town,BS,25.5,-76.65,82.04,75,10,19.17,clear sky
539,Mandalgovi,MN,45.7625,106.2708,26.69,49,0,7.02,clear sky
540,Oranjestad,AW,12.524,-70.027,82.9,82,20,14.97,few clouds
541,San Lorenzo,PY,-25.3333,-57.5333,76.14,73,20,4.61,thunderstorm
542,Tautira,PF,-17.7333,-149.15,76.51,77,45,13.35,scattered clouds
543,Mapiri,BO,-15.25,-68.1667,70.45,77,100,0.78,overcast clouds
544,Tual,ID,-5.6667,132.75,83.57,74,100,8.12,overcast clouds
545,Eyl,SO,7.9803,49.8164,76.41,88,9,7.0,clear sky
546,Youhao,CN,47.8667,128.8333,42.73,36,0,11.68,clear sky
547,Benin,BJ,9.5,2.25,71.38,92,92,3.09,overcast clouds
548,Hibbing,US,47.4272,-92.9377,42.15,93,100,11.5,overcast clouds
549,Kieta,PG,-6.2167,155.6333,83.93,73,51,4.32,light rain
550,Lukulu,ZM,-14.3707,23.242,65.64,23,3,6.73,clear sky
551,Bismarck,US,46.8083,-100.7837,47.43,81,100,19.57,overcast clouds
552,Beaverlodge,CA,55.2166,-119.4361,56.55,59,39,6.78,scattered clouds
553,Bengkulu,ID,-3.8004,102.2655,77.65,81,77,2.01,broken clouds
554,Mokhsogollokh,RU,61.4681,128.9203,24.04,82,79,6.17,broken clouds
555,Rio Gallegos,AR,-51.6226,-69.2181,50.05,32,0,0.0,clear sky
556,Dauphin,CA,51.1494,-100.0502,41.14,52,100,24.16,overcast clouds
557,Tanete,ID,-3.9443,119.7848,82.45,77,100,6.49,overcast clouds
558,Vanavara,RU,60.34,102.2797,26.62,85,83,4.52,broken clouds
559,Shingu,JP,33.7333,135.9833,72.9,82,61,6.02,broken clouds
560,Husavik,IS,66.0449,-17.3389,34.0,99,100,28.99,snow
561,Lazo,RU,43.3817,133.9014,60.39,52,100,3.18,overcast clouds
562,Le Mars,US,42.7942,-96.1656,60.31,28,0,3.44,clear sky
563,Thanh Hoa,VN,19.8,105.7667,74.37,63,6,7.18,clear sky
564,Sinnamary,GF,5.3833,-52.95,79.61,86,11,9.82,few clouds
565,Sirnak,TR,37.5228,42.4594,60.42,44,98,5.12,overcast clouds
566,Atlantic City,US,39.3643,-74.4229,64.0,77,0,7.0,clear sky
567,Tucurui,BR,-3.7661,-49.6725,75.29,90,85,1.03,overcast clouds
568,Walvis Bay,NA,-22.9575,14.5053,60.1,94,94,2.3,overcast clouds
569,Opotiki,NZ,-38.0833,177.2833,68.38,45,100,5.41,overcast clouds
570,Anadyr,RU,64.75,177.4833,27.1,79,75,13.42,broken clouds
571,Caninde De Sao Francisco,BR,-9.66,-37.7894,72.03,78,3,7.43,clear sky
572,Zhezkazgan,KZ,47.8043,67.7144,50.16,52,100,6.22,overcast clouds
573,Kamaishi,JP,39.2667,141.8833,64.22,76,26,3.51,scattered clouds
574,Lavrentiya,RU,65.5833,-171.0,31.87,74,100,22.44,overcast clouds
575,Vista Hermosa,MX,19.5167,-99.2167,74.59,38,40,13.8,scattered clouds
576,Igunga,TZ,-4.2833,33.8833,72.72,54,100,7.16,overcast clouds
577,Mahon,ES,39.8885,4.2658,68.56,88,20,3.44,few clouds
578,Pitimbu,BR,-7.4706,-34.8086,77.59,79,8,13.58,clear sky
579,Belgrade,RS,44.804,20.4651,56.86,64,0,8.05,clear sky
580,Polyarnyy,RU,69.1989,33.4478,42.57,89,100,12.26,overcast clouds
581,Coos Bay,US,43.3665,-124.2179,61.99,88,0,9.22,clear sky
582,Lata,PT,40.1629,-8.3327,63.81,95,15,3.38,few clouds
583,Mariental,NA,-24.6333,17.9667,68.36,59,100,25.41,overcast clouds
584,Kosmynino,RU,57.5818,40.7643,42.28,91,77,6.69,broken clouds
585,Santa Maria,BR,-29.6842,-53.8069,63.7,77,0,11.5,clear sky
586,Lobatse,BW,-25.2167,25.6667,66.97,51,18,14.94,few clouds
587,Tazovskiy,RU,67.4667,78.7,31.08,92,100,8.37,overcast clouds
588,Amapa,BR,1.0,-52.0,72.01,91,10,2.91,clear sky
589,Nueva Loja,EC,0.0847,-76.8828,69.46,99,100,1.07,overcast clouds
590,Ahtopol,BG,42.1,27.95,59.76,75,99,15.79,overcast clouds
591,Lazaro Cardenas,MX,17.9583,-102.2,80.74,83,27,4.79,scattered clouds
592,Akyab,MM,20.15,92.9,79.92,85,100,6.62,overcast clouds
593,Beziers,FR,43.3476,3.219,67.48,83,100,8.05,overcast clouds
594,San Francisco,US,37.7749,-122.4194,66.02,84,75,16.11,broken clouds
595,Petrolina,BR,-9.3986,-40.5008,84.25,32,0,6.91,clear sky
596,Shirokiy,RU,49.758,129.523,41.47,39,16,12.3,few clouds
597,Lingao,CN,19.9103,109.6859,78.21,60,67,9.93,broken clouds
598,Lashio,MM,22.9333,97.75,66.94,97,29,0.94,scattered clouds
599,Vung Tau,VN,10.346,107.0843,75.69,83,34,9.4,scattered clouds
600,Camacha,PT,33.0833,-16.3333,67.42,78,40,2.3,scattered clouds
601,Salalah,OM,17.0151,54.0924,74.37,66,74,3.49,broken clouds
602,Butembo,CD,0.15,29.2833,57.6,95,100,2.15,overcast clouds
603,Ipojuca,BR,-8.3989,-35.0639,78.71,87,5,7.34,clear sky
604,Manakara,MG,-22.1333,48.0167,63.01,92,2,5.23,clear sky
605,Severinia,BR,-20.8094,-48.8028,74.82,61,100,15.1,overcast clouds
606,Finschhafen,PG,-6.6024,147.8681,85.91,66,73,7.49,broken clouds
607,Sept-Iles,CA,50.2001,-66.3821,48.72,99,100,21.85,mist
608,Bilibino,RU,68.0546,166.4372,0.61,97,97,0.85,overcast clouds
609,Hay River,CA,60.8156,-115.7999,33.78,60,75,4.61,broken clouds
610,Puerto Ayacucho,VE,5.6639,-67.6236,77.54,87,78,3.53,heavy intensity rain
611,Gallup,US,35.5281,-108.7426,65.01,27,100,4.81,overcast clouds
612,Pokhvistnevo,RU,53.6524,52.1274,42.01,84,99,6.93,overcast clouds
613,Ayabaca,PE,-4.6398,-79.7149,50.72,76,100,1.36,overcast clouds
614,Antofagasta,CL,-23.65,-70.4,60.08,72,45,4.29,scattered clouds
615,Padang,ID,-0.9492,100.3543,75.25,93,100,3.29,overcast clouds
616,Yangshe,CN,31.8899,120.6052,66.99,77,0,7.67,clear sky
617,Quesnel,CA,52.9999,-122.5029,66.7,48,0,0.0,clear sky
618,Berlevag,NO,70.8578,29.0864,44.6,87,100,11.5,overcast clouds
619,Omboue,GA,-1.5746,9.2618,74.59,90,100,0.18,light rain
620,Aden,YE,12.7794,45.0367,83.03,68,0,16.82,clear sky
621,Medicina,IT,44.4787,11.6381,65.43,80,100,2.26,overcast clouds
622,Eureka,US,40.8021,-124.1637,68.67,84,34,5.01,scattered clouds
623,Santa Cruz De Tenerife,ES,28.4682,-16.2546,69.87,93,75,8.05,broken clouds
624,Aswan,EG,24.0934,32.907,78.1,25,0,5.75,clear sky
625,Akonolinga,CM,3.7667,12.25,66.99,100,100,2.01,moderate rain
626,Rio Branco,BR,-9.9747,-67.81,81.21,78,20,3.44,few clouds
627,Mocuba,MZ,-16.8392,36.9856,69.67,68,0,2.71,clear sky
628,Berberati,CF,4.2612,15.7922,65.57,97,100,1.9,overcast clouds
629,Kupang,ID,-10.1667,123.5833,87.51,61,99,6.15,overcast clouds
630,Wajima,JP,37.4,136.9,68.68,88,75,8.05,broken clouds
631,Chichester,GB,50.8367,-0.78,59.29,82,24,5.99,few clouds
632,Hede,CN,33.7681,120.2517,67.98,60,8,5.91,clear sky
633,Sangar,RU,63.9242,127.4739,18.7,89,100,3.49,overcast clouds
634,Dali,CN,25.7,100.1833,58.55,93,98,3.71,overcast clouds
635,Road Town,VG,18.4167,-64.6167,82.44,83,40,6.91,scattered clouds
636,Sa Kaeo,TH,13.75,102.3333,67.03,94,100,0.81,overcast clouds
637,Rosetta,EG,31.4044,30.4164,74.34,67,20,12.3,few clouds
638,Great Yarmouth,GB,52.6083,1.7305,54.01,74,0,20.85,clear sky
639,Lyuban,BY,52.7985,28.0048,47.1,67,96,11.34,overcast clouds
640,Bafra,TR,41.5678,35.9069,61.83,76,100,1.86,overcast clouds
641,Novyy Urengoy,RU,66.0833,76.6333,32.54,89,100,7.11,overcast clouds
642,Bereda,ES,43.2686,-7.5406,60.58,94,100,5.14,overcast clouds
643,Saint-Augustin,CA,51.226,-58.6502,48.43,84,100,1.66,overcast clouds
644,Cap Malheureux,MU,-19.9842,57.6142,67.46,77,100,3.0,overcast clouds
645,Porto Walter,BR,-8.2686,-72.7439,72.63,90,67,0.96,moderate rain
646,Severo-Kurilsk,RU,50.6789,156.125,44.71,73,12,15.93,few clouds
647,Nakhon Thai,TH,17.1006,100.8374,71.42,88,93,2.66,overcast clouds
648,Agadez,NE,19.75,10.25,76.64,22,0,9.55,clear sky
649,Victoria,HK,22.2855,114.1577,84.18,47,100,18.01,overcast clouds
650,Saurimo,AO,-9.6608,20.3916,66.94,82,100,8.05,overcast clouds
651,Vangaindrano,MG,-23.35,47.6,63.36,90,0,4.97,clear sky
652,Cajabamba,PE,-7.6167,-78.05,56.57,74,100,4.41,light rain
653,Port Hawkesbury,CA,45.6169,-61.3485,57.18,99,100,14.97,mist
654,Bundaberg,AU,-24.85,152.35,77.22,66,91,5.01,overcast clouds
655,Asau,RO,46.4333,26.4,40.28,87,4,1.63,clear sky
656,Pimentel,PE,-6.8367,-79.9342,61.63,85,100,14.58,overcast clouds
657,Zanjan,IR,36.6736,48.4787,58.95,30,13,6.73,few clouds
658,Carutapera,BR,-1.195,-46.02,78.66,82,43,6.17,scattered clouds
659,Moree,AU,-29.4667,149.85,72.36,41,3,6.71,clear sky
660,Gorontalo,ID,0.5412,123.0595,86.38,66,86,2.93,overcast clouds
661,Paita,PE,-5.0892,-81.1144,63.19,83,100,16.44,overcast clouds
662,Mwinilunga,ZM,-11.7358,24.4293,60.71,35,69,1.61,broken clouds
663,Bembibre,ES,42.6177,-6.4155,61.39,97,100,0.92,overcast clouds
664,Moerai,PF,-22.4333,-151.3333,73.69,81,33,13.78,scattered clouds
665,Rafraf,TN,37.1904,10.1837,64.71,77,3,7.05,clear sky
666,Gigmoto,PH,13.7796,124.39,85.1,77,100,13.31,overcast clouds
667,Huarmey,PE,-10.0681,-78.1522,62.6,82,87,8.79,overcast clouds
668,Raudeberg,NO,61.9875,5.1352,48.87,31,100,23.91,overcast clouds
669,Jamkhed,IN,18.7362,75.3121,68.41,78,100,11.1,overcast clouds
670,Mayo,US,38.8876,-76.5119,66.18,87,0,1.01,clear sky
671,Bagdarin,RU,54.4333,113.6,26.1,59,2,5.12,clear sky
672,Synya,RU,65.3718,58.0387,32.88,92,98,3.24,overcast clouds
673,Bilma,NE,18.6853,12.9164,77.2,18,0,1.68,clear sky
674,Karawang,ID,-6.3042,107.3079,82.85,73,100,5.19,overcast clouds
675,Tromso,NO,69.6496,18.957,43.38,87,40,2.3,scattered clouds
676,Florianopolis,BR,-27.6146,-48.5012,67.41,96,100,5.75,overcast clouds
677,Srednekolymsk,RU,67.45,153.6833,11.97,90,74,6.8,broken clouds
678,Kallithea,GR,37.95,23.7,64.45,69,40,8.01,scattered clouds
679,Guymon,US,36.6828,-101.4816,66.15,35,3,12.59,clear sky
680,Antibes,FR,43.5624,7.1278,63.14,86,0,9.22,clear sky
681,Iwanai,JP,42.9744,140.5089,63.3,72,93,3.76,overcast clouds
